{"exact": 43.960092095165, "f1": 51.787796119563744, "total": 13030, "HasAns_exact": 38.00460475825019, "HasAns_f1": 53.66001280704767, "HasAns_total": 6515, "NoAns_exact": 49.91557943207982, "NoAns_f1": 49.91557943207982, "NoAns_total": 6515}