{"exact": 53.90636991557943, "f1": 55.24757567343645, "total": 13030, "HasAns_exact": 8.963929393706831, "HasAns_f1": 11.646340909420859, "HasAns_total": 6515, "NoAns_exact": 98.84881043745203, "NoAns_f1": 98.84881043745203, "NoAns_total": 6515}