{"exact": 34.66615502686109, "f1": 44.04706043892856, "total": 13030, "HasAns_exact": 41.933998465080585, "HasAns_f1": 60.69580928921553, "HasAns_total": 6515, "NoAns_exact": 27.398311588641597, "NoAns_f1": 27.398311588641597, "NoAns_total": 6515}