{"exact": 58.47275518035303, "f1": 60.105971109584516, "total": 13030, "HasAns_exact": 21.90330007674597, "HasAns_f1": 25.169731935208937, "HasAns_total": 6515, "NoAns_exact": 95.04221028396009, "NoAns_f1": 95.04221028396009, "NoAns_total": 6515}